YEAR	MFR	CAR LINE	DISPLACEMENT	NUMB CYL	CITY MPG (GUIDE)	HWY MPG (GUIDE)	COMB MPG (GUIDE)

2007	ASTON MARTIN	V8 VANTAGE	4,3	8	14	20	16
2007	ASTON MARTIN	V8 VANTAGE ASM	4,3	8	15	21	17
2007	BMW	Z4 3.0I	3	6	20	30	24
2007	BMW	Z4 3.0I	3	6	21	30	24
2007	BMW	Z4 3.0SI	3	6	20	30	24
2007	BMW	Z4 3.0SI	3	6	21	30	24
2007	BMW	Z4 COUPE	3	6	20	30	24
2007	BMW	Z4 COUPE	3	6	21	30	24
2007	BMW	Z4 M COUPE	3,2	6	16	24	19
2007	BMW	Z4 M ROADSTER	3,2	6	16	24	19
2007	CADILLAC	XLR	4,4	8	15	22	17
2007	CADILLAC	XLR	4,6	8	17	27	20
2007	CHEVROLET	CORVETTE	6	8	18	28	21
2007	CHEVROLET	CORVETTE	6	8	17	27	21
2007	CHEVROLET	CORVETTE	7	8	16	26	20
2007	CHRYSLER	CROSSFIRE COUPE	3,2	6	21	28	24
2007	CHRYSLER	CROSSFIRE COUPE	3,2	6	17	25	20
2007	CHRYSLER	CROSSFIRE ROADSTER	3,2	6	21	28	24
2007	CHRYSLER	CROSSFIRE ROADSTER	3,2	6	17	25	20
2007	FERRARI	F430	4,3	8	12	17	14
2007	FERRARI	F430	4,3	8	13	17	14
2007	FERRARI	FERRARI 599 GTB	5,9	12	11	15	13
2007	FERRARI	FERRARI 599 GTB	5,9	12	11	15	12
2007	HONDA	S2000	2,2	4	20	26	22
2007	LAMBORGHINI	GALLARDO COUPE	5	10	12	18	14
2007	LAMBORGHINI	GALLARDO COUPE	5	10	12	18	14
2007	LAMBORGHINI	GALLARDO COUPE SL	5	10	12	19	14
2007	LAMBORGHINI	GALLARDO COUPE SL	5	10	12	20	15
2007	LAMBORGHINI	GALLARDO SPYDER	5	10	11	17	13
2007	LAMBORGHINI	GALLARDO SPYDER	5	10	11	17	13
2007	LAMBORGHINI	L-147/148 MURCIELAGO	6,5	12	9	14	11
2007	LAMBORGHINI	L-147/148 MURCIELAGO	6,5	12	10	16	12
2007	LOTUS	ELISE/EXIGE	1,8	4	24	29	26
2007	LOTUS	ELISE/EXIGE	1,8	4	23	29	25
2007	MAZDA	MX-5	2	4	25	30	27
2007	MAZDA	MX-5	2	4	24	30	27
2007	MAZDA	MX-5	2	4	22	30	25
2007	MERCEDES-BENZ	SL55 AMG	5,4	8	14	19	15
2007	MERCEDES-BENZ	SL550	5,5	8	14	22	17
2007	MERCEDES-BENZ	SL600	5,5	12	13	19	15
2007	MERCEDES-BENZ	SL65 AMG	6	12	13	19	15
2007	MERCEDES-BENZ	SLK280	3	6	20	27	22
2007	MERCEDES-BENZ	SLK280	3	6	20	27	22
2007	MERCEDES-BENZ	SLK350	3,5	6	19	25	21
2007	MERCEDES-BENZ	SLK350	3,5	6	18	25	21
2007	MERCEDES-BENZ	SLK55 AMG	5,4	8	16	22	18
2007	MERCEDES-BENZ	SLR	5,4	8	13	17	14
2007	NISSAN	350Z	3,5	6	20	27	23
2007	NISSAN	350Z	3,5	6	19	26	22
2007	NISSAN	350Z ROADSTER	3,5	6	19	26	22
2007	NISSAN	350Z ROADSTER	3,5	6	19	25	21
2007	PONTIAC	SOLSTICE	2	4	21	29	24
2007	PONTIAC	SOLSTICE	2	4	22	31	25
2007	PONTIAC	SOLSTICE	2,4	4	22	26	24
2007	PONTIAC	SOLSTICE	2,4	4	20	28	23
2007	PORSCHE	BOXSTER	2,7	6	21	28	24
2007	PORSCHE	BOXSTER	2,7	6	23	32	26
2007	PORSCHE	BOXSTER	2,7	6	22	31	25
2007	PORSCHE	BOXSTER S	3,4	6	20	27	23
2007	PORSCHE	BOXSTER S	3,4	6	20	28	23
2007	PORSCHE	CAYMAN	2,7	6	21	28	24
2007	PORSCHE	CAYMAN	2,7	6	23	32	26
2007	PORSCHE	CAYMAN	2,7	6	22	31	25
2007	PORSCHE	CAYMAN S	3,4	6	20	27	23
2007	PORSCHE	CAYMAN S	3,4	6	20	28	23
2007	SATURN	SKY	2	4	21	29	24
2007	SATURN	SKY	2	4	22	31	25
2007	SATURN	SKY	2,4	4	22	26	24
2007	SATURN	SKY	2,4	4	20	28	23
2007	SPYKR	C8 DOUBLE 12 SPYDER	4,2	8	14	20	16
2007	SPYKR	C8 SPYDER	4,2	8	14	20	16
2007	ASTON MARTIN	DB9 COUPE	5,9	12	12	19	15
2007	ASTON MARTIN	DB9 COUPE MANUAL	5,9	12	11	18	13
2007	ASTON MARTIN	DB9 VOLANTE	5,9	12	13	18	15
2007	ASTON MARTIN	DB9 VOLANTE MANUAL	5,9	12	11	18	13
2007	JAGUAR	JAGUAR XK	4,2	8	18	27	21
2007	JAGUAR	JAGUAR XK CONVERTIBLE	4,2	8	18	27	21
2007	JAGUAR	JAGUAR XKR	4,2	8	17	25	20
2007	JAGUAR	JAGUAR XKR CONVERTIBLE	4,2	8	17	25	20
2007	LEXUS	SC 430	4,3	8	18	25	21
2007	MINI	MINI COOPER	1,6	4	32	40	35
2007	MINI	MINI COOPER	1,6	4	30	37	33
2007	MINI	MINI COOPER CONVERTIBLE	1,6	4	25	33	28
2007	MINI	MINI COOPER CONVERTIBLE	1,6	4	26	35	29
2007	MINI	MINI COOPER S	1,6	4	29	36	32
2007	MINI	MINI COOPER S	1,6	4	26	33	29
2007	MINI	MINI COOPER S CONVERTIBLE	1,6	4	24	31	26
2007	MINI	MINI COOPER S CONVERTIBLE	1,6	4	22	32	26
2007	MITSUBISHI	ECLIPSE SPYDER	2,4	4	22	29	25
2007	MITSUBISHI	ECLIPSE SPYDER	2,4	4	22	28	24
2007	MITSUBISHI	ECLIPSE SPYDER	3,8	6	17	26	20
2007	MITSUBISHI	ECLIPSE SPYDER	3,8	6	18	26	21
2007	PORSCHE	CARRERA 2 CABRIOLET	3,6	6	20	26	22
2007	PORSCHE	CARRERA 2 CABRIOLET	3,6	6	18	26	21
2007	PORSCHE	CARRERA 2 COUPE	3,6	6	20	26	22
2007	PORSCHE	CARRERA 2 COUPE	3,6	6	18	26	21
2007	PORSCHE	CARRERA 2 S CABRIOLET	3,8	6	20	26	22
2007	PORSCHE	CARRERA 2 S CABRIOLET	3,8	6	18	26	21
2007	PORSCHE	CARRERA 2 S COUPE	3,8	6	20	26	22
2007	PORSCHE	CARRERA 2 S COUPE	3,8	6	18	26	21
2007	PORSCHE	CARRERA 4 CABRIOLET	3,6	6	19	26	21
2007	PORSCHE	CARRERA 4 CABRIOLET	3,6	6	18	26	21
2007	PORSCHE	CARRERA 4 COUPE	3,6	6	19	26	22
2007	PORSCHE	CARRERA 4 COUPE	3,6	6	18	26	21
2007	PORSCHE	CARRERA 4 S CABRIOLET	3,8	6	19	25	21
2007	PORSCHE	CARRERA 4 S CABRIOLET	3,8	6	17	25	20
2007	PORSCHE	CARRERA 4 S COUPE	3,8	6	19	25	22
2007	PORSCHE	CARRERA 4 S COUPE	3,8	6	17	25	20
2007	PORSCHE	CARRERA 4 S TARGA	3,8	6	19	25	21
2007	PORSCHE	CARRERA 4 S TARGA	3,8	6	17	25	20
2007	PORSCHE	CARRERA 4 TARGA	3,6	6	19	26	21
2007	PORSCHE	CARRERA 4 TARGA	3,6	6	18	26	21
2007	PORSCHE	GT3       911 GT3	3,6	6	17	24	20
2007	PORSCHE	GT3 RS    911 GT3 RS	3,6	6	17	24	20
2007	PORSCHE	TURBO   4 911 TURBO	3,6	6	17	25	20
2007	PORSCHE	TURBO   4 911 TURBO	3,6	6	18	25	20
2007	SPYKR	C8 DOUBLE 12 S	4,2	8	14	20	16
2007	SPYKR	C8 LAVIOLETTE	4,2	8	14	20	16
2007	VOLKSWAGEN	NEW BEETLE CONVERTIBLE	2,5	5	22	30	25
2007	VOLKSWAGEN	NEW BEETLE CONVERTIBLE	2,5	5	22	30	25
2007	AUDI	A4 CABRIOLET	2	4	24	32	27
2007	AUDI	A4 CABRIOLET QUATTRO	2	4	22	30	25
2007	AUDI	A4 CABRIOLET QUATTRO	3,1	6	19	27	22
2007	AUDI	S4 CABRIOLET	4,2	8	14	21	17
2007	AUDI	S4 CABRIOLET	4,2	8	15	23	18
2007	BENTLEY	AZURE	6,7	8	11	16	12
2007	BENTLEY	CONTINENTAL GTC	6	12	11	18	14
2007	BMW	328CI	3	6	20	30	24
2007	BMW	328CI	3	6	21	30	24
2007	BMW	328CI CONVERTIBLE	3	6	20	29	23
2007	BMW	328CI CONVERTIBLE	3	6	20	30	24
2007	BMW	328CXI	3	6	19	28	22
2007	BMW	328CXI	3	6	20	27	23
2007	BMW	335CI	3	6	19	28	22
2007	BMW	335CI	3	6	20	29	23
2007	BMW	335CI CONVERTIBLE	3	6	19	28	22
2007	BMW	335CI CONVERTIBLE	3	6	20	29	23
2007	BMW	650CI	4,8	8	17	24	19
2007	BMW	650CI	4,8	8	17	25	20
2007	BMW	650CI	4,8	8	16	22	18
2007	BMW	650CI CONVERTIBLE	4,8	8	16	22	18
2007	BMW	650CI CONVERTIBLE	4,8	8	17	25	20
2007	BMW	650CI CONVERTIBLE	4,8	8	15	21	17
2007	BMW	M6	5	10	12	18	14
2007	BMW	M6	5	10	12	18	14
2007	BMW	M6 CONVERTIBLE	5	10	12	18	14
2007	BMW	M6 CONVERTIBLE	5	10	12	19	14
2007	CHEVROLET	AVEO 5	1,6	4	26	34	29
2007	CHEVROLET	AVEO 5	1,6	4	27	37	30
2007	CHEVROLET	COBALT	2	4	22	30	25
2007	CHEVROLET	COBALT	2,2	4	24	32	27
2007	CHEVROLET	COBALT	2,2	4	25	34	29
2007	CHEVROLET	COBALT	2,4	4	24	32	27
2007	CHEVROLET	COBALT	2,4	4	25	34	28
2007	FORD	MUSTANG	4	6	18	26	21
2007	FORD	MUSTANG	4	6	19	28	22
2007	FORD	MUSTANG	4,6	8	17	23	19
2007	FORD	MUSTANG	4,6	8	17	25	20
2007	FORD	MUSTANG	5,4	8	15	21	17
2007	HONDA	CIVIC	1,8	4	30	40	33
2007	HONDA	CIVIC	1,8	4	28	39	32
2007	HONDA	CIVIC	1,8	4	30	38	33
2007	HONDA	CIVIC	2	4	23	32	26
2007	HYUNDAI	TIBURON	2	4	22	30	25
2007	HYUNDAI	TIBURON	2	4	23	31	26
2007	HYUNDAI	TIBURON	2,7	6	19	26	22
2007	HYUNDAI	TIBURON	2,7	6	19	27	22
2007	HYUNDAI	TIBURON	2,7	6	18	26	21
2007	INFINITI	G35 COUPE	3,5	6	19	26	22
2007	INFINITI	G35 COUPE	3,5	6	18	25	21
2007	LEXUS	IS 250	2,5	6	20	28	23
2007	LEXUS	IS 250	2,5	6	24	32	27
2007	LEXUS	IS 250 AWD	2,5	6	22	28	25
2007	LEXUS	IS 350	3,5	6	21	28	23
2007	MAZDA	MAZDA RX-8	1,3	2	18	24	20
2007	MAZDA	MAZDA RX-8	1,3	2	18	25	21
2007	MERCEDES-BENZ	CLK350	3,5	6	19	28	22
2007	MERCEDES-BENZ	CLK350 (CABRIOLET)	3,5	6	19	28	22
2007	MERCEDES-BENZ	CLK550	5,5	8	16	23	19
2007	MERCEDES-BENZ	CLK550 (CABRIOLET)	5,5	8	16	24	19
2007	MERCEDES-BENZ	CLK63 AMG (CABRIOLET)	6,2	8	13	20	15
2007	MITSUBISHI	ECLIPSE	2,4	4	23	30	26
2007	MITSUBISHI	ECLIPSE	2,4	4	22	28	25
2007	MITSUBISHI	ECLIPSE	3,8	6	18	27	21
2007	MITSUBISHI	ECLIPSE	3,8	6	19	28	22
2007	PONTIAC	G5/PURSUIT	2,2	4	24	32	27
2007	PONTIAC	G5/PURSUIT	2,2	4	25	34	29
2007	PONTIAC	G5/PURSUIT	2,4	4	24	32	27
2007	PONTIAC	G5/PURSUIT	2,4	4	25	34	28
2007	ROUSH PERFORMANCE	ROUSH STAGE3 MUSTANG	4,6	8	15	22	18
2007	ROUSH PERFORMANCE	ROUSH STAGE3 MUSTANG COUPE	4,6	8	16	22	18
2007	SAAB	9-3 CONVERTIBLE	2	4	20	29	24
2007	SAAB	9-3 CONVERTIBLE	2	4	20	30	24
2007	SAAB	9-3 CONVERTIBLE	2,8	6	18	28	21
2007	SAAB	9-3 CONVERTIBLE	2,8	6	17	28	20
2007	SUBARU	IMPREZA AWD	2,5	4	21	26	23
2007	SUBARU	IMPREZA AWD	2,5	4	23	28	25
2007	SUBARU	IMPREZA AWD	2,5	4	20	27	23
2007	SUBARU	IMPREZA AWD	2,5	4	22	29	25
2007	SUBARU	IMPREZA AWD	2,5	4	19	25	21
2007	TOYOTA	SCION TC	2,4	4	23	31	26
2007	TOYOTA	SCION TC	2,4	4	23	30	26
2007	TOYOTA	YARIS	1,5	4	34	39	36
2007	TOYOTA	YARIS	1,5	4	34	40	37
2007	VOLKSWAGEN	EOS	2	4	23	32	27
2007	VOLKSWAGEN	EOS	2	4	23	31	26
2007	VOLKSWAGEN	EOS	3,2	6	22	29	24
2007	VOLKSWAGEN	NEW BEETLE	2,5	5	23	31	26
2007	VOLKSWAGEN	NEW BEETLE	2,5	5	23	32	26
2007	VOLVO	C70 CONVERTIBLE	2,5	5	21	29	24
2007	VOLVO	C70 CONVERTIBLE	2,5	5	20	29	23
2007	ACURA	TSX	2,4	4	22	30	25
2007	ACURA	TSX	2,4	4	22	31	26
2007	AUDI	A4	2	4	24	32	27
2007	AUDI	A4	2	4	23	34	27
2007	AUDI	A4	3,1	6	21	29	24
2007	AUDI	A4 QUATTRO	2	4	22	31	25
2007	AUDI	A4 QUATTRO	2	4	22	30	25
2007	AUDI	A4 QUATTRO	3,1	6	17	27	21
2007	AUDI	A4 QUATTRO	3,1	6	19	27	22
2007	AUDI	RS4	4,2	8	14	21	17
2007	AUDI	S4	4,2	8	15	21	17
2007	AUDI	S4	4,2	8	15	23	18
2007	BENTLEY	CONTINENTAL GT	6	12	12	19	14
2007	BMW	328I	3	6	20	30	24
2007	BMW	328I	3	6	21	30	24
2007	BMW	328XI	3	6	19	28	22
2007	BMW	328XI	3	6	20	27	23
2007	BMW	335I	3	6	19	28	22
2007	BMW	335I	3	6	20	29	23
2007	BMW	335XI	3	6	19	27	22
2007	BMW	335XI	3	6	19	27	22
2007	CHEVROLET	AVEO	1,6	4	26	34	29
2007	CHEVROLET	AVEO	1,6	4	27	37	30
2007	CHEVROLET	OPTRA	2	4	22	31	25
2007	CHEVROLET	OPTRA	2	4	23	30	26
2007	CHEVROLET	OPTRA 5	2	4	22	31	25
2007	CHEVROLET	OPTRA 5	2	4	23	30	26
2007	CHRYSLER	PTCRUISER CONV/CABRIO	2,4	4	19	26	23
2007	CHRYSLER	PTCRUISER CONV/CABRIO	2,4	4	21	26	23
2007	CHRYSLER	PTCRUISER CONV/CABRIO	2,4	4	21	27	23
2007	CHRYSLER	PTCRUISER CONV/CABRIO	2,4	4	22	29	25
2007	DODGE	CALIBER	1,8	4	28	32	29
2007	DODGE	CALIBER	2	4	26	30	28
2007	DODGE	CALIBER	2	4	26	30	28
2007	DODGE	CALIBER	2,4	4	24	27	25
2007	DODGE	CALIBER	2,4	4	26	31	28
2007	DODGE	CALIBER AWD	2,4	4	23	26	24
2007	FORD	FOCUS  FWD	2	4	27	34	29
2007	FORD	FOCUS  FWD	2	4	27	37	31
2007	FORD	FOCUS  FWD	2,3	4	22	32	26
2007	HONDA	CIVIC HYBRID	1,3	4	49	51	50
2007	HYUNDAI	ACCENT	1,6	4	28	37	31
2007	HYUNDAI	ACCENT	1,6	4	32	35	33
2007	JAGUAR	JAGUAR X-TYPE	3	6	18	24	20
2007	KIA	RIO	1,6	4	29	38	32
2007	KIA	RIO	1,6	4	32	35	33
2007	LEXUS	GS 450H	3,5	6	25	28	26
2007	MAZDA	MAZDA 3	2	4	28	35	31
2007	MAZDA	MAZDA 3	2	4	26	34	29
2007	MAZDA	MAZDA 3	2,3	4	26	33	28
2007	MAZDA	MAZDA 3	2,3	4	20	28	23
2007	MAZDA	MAZDA 3	2,3	4	25	31	27
2007	MERCEDES-BENZ	C230	2,5	6	14	18	16
2007	MERCEDES-BENZ	C230	2,5	6	19	25	21
2007	MERCEDES-BENZ	C230	2,5	6	14	18	16
2007	MERCEDES-BENZ	C230	2,5	6	19	25	21
2007	MERCEDES-BENZ	C280	3	6	22	28	24
2007	MERCEDES-BENZ	C280 4MATIC	3	6	19	26	22
2007	MERCEDES-BENZ	C350	3,5	6	20	29	23
2007	MERCEDES-BENZ	C350	3,5	6	20	28	23
2007	MERCEDES-BENZ	C350 4MATIC	3,5	6	19	24	21
2007	MERCEDES-BENZ	CL550	5,5	8	15	22	18
2007	MERCEDES-BENZ	CL600	5,5	12	13	19	15
2007	MERCEDES-BENZ	CLS550	5,5	8	15	22	18
2007	MERCEDES-BENZ	CLS63 AMG	6,2	8	13	20	16
2007	MITSUBISHI	LANCER	2	4	25	31	28
2007	MITSUBISHI	LANCER	2	4	27	34	30
2007	PONTIAC	G6	2,4	4	23	33	27
2007	PONTIAC	G6	3,5	6	20	30	24
2007	PONTIAC	G6	3,5	6	20	28	23
2007	PONTIAC	G6	3,6	6	20	28	23
2007	PONTIAC	G6	3,9	6	18	27	21
2007	PONTIAC	G6	3,9	6	17	24	20
2007	SAAB	9-3 SPORT SEDAN	2	4	22	30	25
2007	SAAB	9-3 SPORT SEDAN	2	4	21	30	24
2007	SAAB	9-3 SPORT SEDAN	2,8	6	18	28	21
2007	SAAB	9-3 SPORT SEDAN	2,8	6	17	28	20
2007	SATURN	ION	2	4	22	30	25
2007	SATURN	ION	2,2	4	24	32	27
2007	SATURN	ION	2,2	4	26	35	30
2007	SATURN	ION	2,4	4	24	32	27
2007	SATURN	ION	2,4	4	25	34	28
2007	SUBARU	LEGACY AWD	2,5	4	20	27	23
2007	SUBARU	LEGACY AWD	2,5	4	22	29	25
2007	SUBARU	LEGACY AWD	2,5	4	19	26	22
2007	SUBARU	LEGACY AWD	2,5	4	23	30	26
2007	SUBARU	LEGACY AWD	2,5	4	19	25	22
2007	SUZUKI	AERIO	2,3	4	25	31	27
2007	SUZUKI	AERIO	2,3	4	25	31	27
2007	SUZUKI	AERIO AWD	2,3	4	24	29	26
2007	SUZUKI	FORENZA	2	4	22	31	25
2007	SUZUKI	FORENZA	2	4	23	30	26
2007	SUZUKI	RENO	2	4	22	31	25
2007	SUZUKI	RENO	2	4	23	30	26
2007	TOYOTA	CAMRY SOLARA	2,4	4	24	34	28
2007	TOYOTA	CAMRY SOLARA	2,4	4	25	34	28
2007	TOYOTA	CAMRY SOLARA	3,3	6	21	29	24
2007	TOYOTA	CAMRY SOLARA CONVERTIBLE	3,3	6	20	29	23
2007	TOYOTA	COROLLA	1,8	4	30	38	33
2007	TOYOTA	COROLLA	1,8	4	32	41	36
2007	VOLKSWAGEN	GTI	2	4	23	32	27
2007	VOLKSWAGEN	GTI	2	4	25	32	28
2007	VOLKSWAGEN	JETTA	2	4	23	32	27
2007	VOLKSWAGEN	JETTA	2	4	25	32	28
2007	VOLKSWAGEN	JETTA	2,5	5	22	30	25
2007	VOLKSWAGEN	JETTA	2,5	5	22	30	25
2007	VOLKSWAGEN	RABBIT	2,5	5	22	30	25
2007	VOLKSWAGEN	RABBIT	2,5	5	22	30	25
2007	VOLVO	S40 AWD	2,5	5	20	28	23
2007	VOLVO	S40 AWD	2,5	5	20	28	23
2007	VOLVO	S40 FWD	2,4	5	22	29	24
2007	VOLVO	S40 FWD	2,4	5	22	31	25
2007	VOLVO	S40 FWD	2,5	5	21	30	24
2007	VOLVO	S40 FWD	2,5	5	21	30	25
2007	VOLVO	S60 AWD	2,5	5	20	27	23
2007	VOLVO	S60 AWD	2,5	5	20	28	23
2007	VOLVO	S60 FWD	2,4	5	21	28	23
2007	VOLVO	S60 FWD	2,4	5	20	28	23
2007	VOLVO	S60 FWD	2,5	5	21	30	24
2007	VOLVO	S60 FWD	2,5	5	21	30	25
2007	VOLVO	S60 R AWD	2,5	5	18	24	21
2007	VOLVO	S60 R AWD	2,5	5	17	25	20
2007	ACURA	RL	3,5	6	18	26	21
2007	ACURA	TL	3,2	6	20	29	23
2007	ACURA	TL	3,5	6	20	29	24
2007	ACURA	TL	3,5	6	19	28	22
2007	AUDI	A6	3,1	6	21	29	24
2007	AUDI	A6 QUATTRO	3,1	6	19	27	22
2007	AUDI	A6 QUATTRO	4,2	8	18	25	20
2007	AUDI	A8	4,2	8	18	25	20
2007	AUDI	S6	5,2	10	15	21	18
2007	AUDI	S8	5,2	10	14	20	16
2007	BENTLEY	ARNAGE	6,7	8	11	16	12
2007	BENTLEY	CONTINENTAL FLYING SPUR	6	12	11	18	14
2007	BMW	525I	3	6	20	30	24
2007	BMW	525I	3	6	21	30	24
2007	BMW	525XI	3	6	19	28	22
2007	BMW	525XI	3	6	20	27	23
2007	BMW	530I	3	6	20	30	24
2007	BMW	530I	3	6	21	30	24
2007	BMW	530I	3	6	19	27	22
2007	BMW	530XI	3	6	19	28	22
2007	BMW	530XI	3	6	20	27	23
2007	BMW	550I	4,8	8	17	24	19
2007	BMW	550I	4,8	8	17	25	20
2007	BMW	550I	4,8	8	16	22	18
2007	BMW	M5	5	10	12	18	14
2007	BMW	M5	5	10	12	18	14
2007	BUICK	LACROSSE/ALLURE	3,6	6	19	27	22
2007	BUICK	LACROSSE/ALLURE	3,8	6	20	30	23
2007	CADILLAC	CTS	2,8	6	17	27	21
2007	CADILLAC	CTS	2,8	6	18	27	21
2007	CADILLAC	CTS	3,6	6	17	26	20
2007	CADILLAC	CTS	3,6	6	18	27	21
2007	CADILLAC	CTS	6	8	15	24	18
2007	CADILLAC	STS	3,6	6	18	27	21
2007	CADILLAC	STS	4,4	8	14	21	16
2007	CADILLAC	STS	4,6	8	17	27	20
2007	CADILLAC	STS AWD	3,6	6	17	25	20
2007	CADILLAC	STS AWD	4,6	8	15	23	18
2007	CHEVROLET	MALIBU	2,2	4	24	34	28
2007	CHEVROLET	MALIBU	3,5	6	22	32	25
2007	CHEVROLET	MALIBU	3,9	6	18	26	21
2007	CHEVROLET	MONTE CARLO	3,5	6	21	31	25
2007	CHEVROLET	MONTE CARLO	3,5	6	16	23	19
2007	CHEVROLET	MONTE CARLO	3,5	6	21	31	25
2007	CHEVROLET	MONTE CARLO	5,3	8	18	27	21
2007	CHRYSLER	SEBRING	2,4	4	24	32	27
2007	CHRYSLER	SEBRING	2,7	6	15	22	18
2007	CHRYSLER	SEBRING	2,7	6	22	30	25
2007	CHRYSLER	SEBRING	3,5	4	18	28	22
2007	FERRARI	FERRARI 612 SCAGLIETTI	5,7	12	10	17	13
2007	FERRARI	FERRARI 612 SCAGLIETTI	5,7	12	11	17	13
2007	FORD	FUSION	2,3	4	23	31	26
2007	FORD	FUSION	2,3	4	23	31	26
2007	FORD	FUSION	3	6	20	28	23
2007	FORD	FUSION AWD	3	6	19	26	21
2007	HONDA	ACCORD	2,4	4	24	34	28
2007	HONDA	ACCORD	2,4	4	26	34	29
2007	HONDA	ACCORD	3	6	20	29	23
2007	HONDA	ACCORD	3	6	21	30	24
2007	HONDA	ACCORD HYBRID	3	6	28	35	31
2007	HYUNDAI	ELANTRA	2	4	28	36	31
2007	HYUNDAI	ELANTRA	2	4	28	36	31
2007	INFINITI	G35	3,5	6	19	27	22
2007	INFINITI	G35	3,5	6	19	26	22
2007	INFINITI	G35X	3,5	6	19	25	21
2007	JAGUAR	JAGUAR S-TYPE 3.0 LITRE	3	6	19	28	22
2007	JAGUAR	JAGUAR S-TYPE 4.2 LITRE	4,2	8	18	26	21
2007	JAGUAR	JAGUAR S-TYPE R	4,2	8	17	23	19
2007	JAGUAR	JAGUAR X-TYPE SPORT BRAKE	3	6	18	24	20
2007	KIA	OPTIMA	2,4	4	24	34	28
2007	KIA	OPTIMA	2,4	4	24	34	28
2007	KIA	OPTIMA	2,7	6	22	30	25
2007	KIA	SPECTRA	2	4	27	35	30
2007	KIA	SPECTRA	2	4	27	33	29
2007	LEXUS	ES 350	3,5	6	21	30	25
2007	LEXUS	GS 350	3,5	6	21	29	24
2007	LEXUS	GS 350 AWD	3,5	6	20	27	23
2007	LEXUS	GS 430	4,3	8	18	25	21
2007	LEXUS	LS 460	4,6	8	19	27	22
2007	LEXUS	LS 460 L	4,6	8	18	27	21
2007	LINCOLN-MERCURY	MILAN	2,3	4	23	31	26
2007	LINCOLN-MERCURY	MILAN	2,3	4	23	31	26
2007	LINCOLN-MERCURY	MILAN	3	6	20	28	23
2007	LINCOLN-MERCURY	MILAN AWD	3	6	19	26	21
2007	LINCOLN-MERCURY	MKZ AWD	3,5	6	18	26	21
2007	LINCOLN-MERCURY	MKZ FWD	3,5	6	19	27	22
2007	MAZDA	MAZDA 6	2,3	4	24	32	27
2007	MAZDA	MAZDA 6	2,3	4	19	25	21
2007	MAZDA	MAZDA 6	2,3	4	24	31	26
2007	MAZDA	MAZDA 6	3	6	19	27	22
2007	MAZDA	MAZDA 6	3	6	20	27	22
2007	MERCEDES-BENZ	E320 BLUETEC	3	6	26	35	30
2007	MERCEDES-BENZ	E350	3,5	6	19	26	21
2007	MERCEDES-BENZ	E350 4MATIC	3,5	6	18	24	21
2007	MERCEDES-BENZ	E550	5,5	8	15	23	18
2007	MERCEDES-BENZ	E550 4MATIC	5,5	8	15	22	17
2007	MERCEDES-BENZ	E63 AMG	6,2	8	14	20	16
2007	MITSUBISHI	GALANT	2,4	4	23	30	25
2007	MITSUBISHI	GALANT	3,8	6	18	27	22
2007	NISSAN	ALTIMA	2,5	4	26	34	29
2007	NISSAN	ALTIMA	2,5	4	26	35	30
2007	NISSAN	ALTIMA	3,5	6	22	28	24
2007	NISSAN	ALTIMA	3,5	6	21	29	24
2007	NISSAN	ALTIMA HYBRID	2,5	4	42	36	39
2007	NISSAN	MAXIMA	3,5	6	21	28	24
2007	NISSAN	SENTRA	2	4	29	36	32
2007	NISSAN	SENTRA	2	4	28	34	30
2007	NISSAN	SENTRA	2,5	4	27	33	30
2007	NISSAN	SENTRA	2,5	4	24	31	27
2007	NISSAN	VERSA	1,8	4	30	36	32
2007	NISSAN	VERSA	1,8	4	28	35	31
2007	NISSAN	VERSA	1,8	4	30	34	32
2007	PONTIAC	GRAND PRIX	3,8	6	19	28	22
2007	PONTIAC	GRAND PRIX	3,8	6	20	30	24
2007	PONTIAC	GRAND PRIX	3,8	6	19	28	22
2007	PONTIAC	GRAND PRIX	5,3	8	18	27	21
2007	ROLLS-ROYCE	PHANTOM	6,7	12	13	19	15
2007	ROLLS-ROYCE	PHANTOM EWB	6,7	12	13	19	15
2007	SAAB	9-5 SEDAN	2,3	4	20	30	24
2007	SAAB	9-5 SEDAN	2,3	4	19	29	23
2007	SATURN	AURA	3,5	6	20	30	24
2007	SATURN	AURA	3,6	6	20	28	23
2007	SATURN	AURA HYBRID	2,4	4	28	35	30
2007	TOYOTA	CAMRY	2,4	4	24	33	27
2007	TOYOTA	CAMRY	2,4	4	24	34	28
2007	TOYOTA	CAMRY	3,5	6	22	31	25
2007	TOYOTA	CAMRY HYBRID	2,4	4	40	38	39
2007	TOYOTA	PRIUS	1,5	4	60	51	55
2007	VOLKSWAGEN	PASSAT	2	4	23	32	27
2007	VOLKSWAGEN	PASSAT	2	4	22	31	25
2007	VOLKSWAGEN	PASSAT	3,6	6	19	28	22
2007	VOLKSWAGEN	PASSAT 4MOTION	3,6	6	18	26	21
2007	VOLVO	S80 AWD	3,2	6	18	26	21
2007	VOLVO	S80 AWD	4,4	8	17	25	20
2007	VOLVO	S80 FWD	3,2	6	18	27	21
2007	ALPINA	BMW ALPINA B7	4,4	8	15	23	18
2007	AUDI	A8 L	4,2	8	18	25	20
2007	AUDI	A8 L	6	12	14	21	17
2007	BENTLEY	ARNAGE LWB	6,7	8	10	15	12
2007	BMW	750I	4,8	8	17	25	20
2007	BMW	750LI	4,8	8	17	25	20
2007	BMW	760LI	6	12	14	22	17
2007	BUICK	LUCERNE	3,8	6	19	28	22
2007	BUICK	LUCERNE	4,6	8	17	25	20
2007	CADILLAC	DTS	4,6	8	17	25	20
2007	CADILLAC	DTS	4,6	8	17	24	20
2007	CADILLAC	FUNERAL COACH/HEARSE	4,6	8	14	20	16
2007	CADILLAC	LIMOUSINE	4,6	8	15	20	17
2007	CHEVROLET	IMPALA	3,5	6	21	31	24
2007	CHEVROLET	IMPALA	3,5	6	16	23	19
2007	CHEVROLET	IMPALA	3,5	6	21	31	24
2007	CHEVROLET	IMPALA	3,9	6	20	29	23
2007	CHEVROLET	IMPALA	5,3	8	18	27	21
2007	CHEVROLET	MALIBU MAXX	3,5	6	20	30	24
2007	CHEVROLET	MALIBU MAXX	3,9	6	17	24	20
2007	CHRYSLER	300 AWD	3,5	6	17	24	20
2007	CHRYSLER	300 AWD	5,7	8	17	24	20
2007	CHRYSLER	300/SRT-8	2,7	6	21	28	24
2007	CHRYSLER	300/SRT-8	3,5	6	19	27	22
2007	CHRYSLER	300/SRT-8	5,7	8	17	25	20
2007	CHRYSLER	300/SRT-8	6,1	8	14	20	16
2007	DODGE	CHARGER	2,7	6	21	28	24
2007	DODGE	CHARGER	3,5	6	19	27	22
2007	DODGE	CHARGER	5,7	8	17	25	20
2007	DODGE	CHARGER	6,1	8	14	20	16
2007	DODGE	CHARGER AWD	3,5	6	17	24	20
2007	DODGE	CHARGER AWD	5,7	8	17	24	20
2007	FORD	CROWN VICTORIA	4,6	8	17	25	20
2007	FORD	CROWN VICTORIA	4,6	8	13	17	14
2007	FORD	CROWN VICTORIA	4,6	8	17	25	20
2007	FORD	FIVE HUNDRED AWD	3	6	19	25	21
2007	FORD	FIVE HUNDRED FWD	3	6	21	29	24
2007	FORD	TAURUS	3	6	20	27	23
2007	HYUNDAI	AZERA	3,8	6	19	28	22
2007	HYUNDAI	SONATA	2,4	4	24	33	27
2007	HYUNDAI	SONATA	2,4	4	24	34	28
2007	HYUNDAI	SONATA	3,3	6	20	30	24
2007	INFINITI	M35	3,5	6	18	25	21
2007	INFINITI	M35X	3,5	6	17	24	20
2007	INFINITI	M45	4,5	8	17	23	20
2007	JAGUAR	JAGUAR SUPER V8	4,2	8	17	24	19
2007	JAGUAR	JAGUAR VDP LWB	4,2	8	18	27	21
2007	JAGUAR	JAGUAR XJ8	4,2	8	18	27	21
2007	JAGUAR	JAGUAR XJ8L	4,2	8	18	27	21
2007	JAGUAR	JAGUAR XJR	4,2	8	17	24	19
2007	KIA	AMANTI	3,8	6	19	26	21
2007	LINCOLN-MERCURY	GRAND MARQUIS	4,6	8	17	25	20
2007	LINCOLN-MERCURY	GRAND MARQUIS	4,6	8	13	17	14
2007	LINCOLN-MERCURY	GRAND MARQUIS	4,6	8	17	25	20
2007	LINCOLN-MERCURY	MONTEGO   AWD	3	6	19	25	21
2007	LINCOLN-MERCURY	MONTEGO   FWD	3	6	21	29	24
2007	LINCOLN-MERCURY	TOWN CAR	4,6	8	17	25	20
2007	LINCOLN-MERCURY	TOWN CAR	4,6	8	13	17	14
2007	LINCOLN-MERCURY	TOWN CAR	4,6	8	17	25	20
2007	MASERATI	QUATTROPORTE / QP SPORT GT	4,2	8	13	18	14
2007	MASERATI	QUATTROPORTE / QP SPORT GT	4,2	8	13	19	15
2007	MERCEDES-BENZ	MAYBACH 57	5,5	12	12	17	13
2007	MERCEDES-BENZ	MAYBACH 57S	6	12	11	17	13
2007	MERCEDES-BENZ	MAYBACH 62	5,5	12	12	17	13
2007	MERCEDES-BENZ	MAYBACH 62S	6	12	11	17	13
2007	MERCEDES-BENZ	S550	5,5	8	16	24	18
2007	MERCEDES-BENZ	S550 4MATIC	5,5	8	15	22	18
2007	MERCEDES-BENZ	S600	5,5	12	12	19	15
2007	MERCEDES-BENZ	S65 AMG	6	12	13	20	15
2007	TOYOTA	AVALON	3,5	6	22	31	26
2007	AUDI	A3	2	4	23	32	27
2007	AUDI	A3	2	4	25	32	28
2007	AUDI	A3 QUATTRO	3,2	6	21	27	23
2007	AUDI	A4 AVANT QUATTRO	2	4	22	31	25
2007	AUDI	A4 AVANT QUATTRO	2	4	22	30	25
2007	AUDI	A4 AVANT QUATTRO	3,1	6	17	27	21
2007	AUDI	A4 AVANT QUATTRO	3,1	6	19	27	22
2007	AUDI	S4 AVANT	4,2	8	15	21	17
2007	AUDI	S4 AVANT	4,2	8	15	23	18
2007	BMW	328I SPORT WAGON	3	6	20	29	23
2007	BMW	328I SPORT WAGON	3	6	20	30	24
2007	BMW	328XI SPORT WAGON	3	6	19	28	22
2007	BMW	328XI SPORT WAGON	3	6	20	27	23
2007	CHEVROLET	OPTRA   WAGON	2	4	21	30	24
2007	CHEVROLET	OPTRA   WAGON	2	4	22	30	25
2007	HONDA	FIT	1,5	4	31	38	34
2007	HONDA	FIT	1,5	4	33	38	35
2007	HONDA	FIT	1,5	4	31	37	33
2007	PONTIAC	VIBE	1,8	4	29	34	31
2007	PONTIAC	VIBE	1,8	4	30	36	33
2007	SAAB	9-3 SPORTCOMBI	2	4	22	30	25
2007	SAAB	9-3 SPORTCOMBI	2	4	20	30	24
2007	SAAB	9-3 SPORTCOMBI	2,8	6	18	28	21
2007	SAAB	9-3 SPORTCOMBI	2,8	6	17	28	20
2007	SUBARU	IMPREZA WGN/OUTBACK SPT AWD	2,5	4	21	26	23
2007	SUBARU	IMPREZA WGN/OUTBACK SPT AWD	2,5	4	23	28	25
2007	SUBARU	IMPREZA WGN/OUTBACK SPT AWD	2,5	4	20	27	23
2007	SUBARU	IMPREZA WGN/OUTBACK SPT AWD	2,5	4	22	29	25
2007	SUZUKI	FORENZA WAGON	2	4	21	30	24
2007	SUZUKI	FORENZA WAGON	2	4	22	30	25
2007	SUZUKI	SX4	2	4	26	33	28
2007	SUZUKI	SX4	2	4	25	30	27
2007	SUZUKI	SX4 AWD	2	4	24	30	26
2007	SUZUKI	SX4 AWD	2	4	23	28	25
2007	TOYOTA	COROLLA MATRIX	1,8	4	29	34	31
2007	TOYOTA	COROLLA MATRIX	1,8	4	30	36	32
2007	VOLVO	V50 AWD	2,5	5	19	27	22
2007	VOLVO	V50 AWD	2,5	5	20	28	23
2007	VOLVO	V50 FWD	2,4	5	22	29	24
2007	VOLVO	V50 FWD	2,4	5	22	31	25
2007	VOLVO	V50 FWD	2,5	5	21	30	24
2007	VOLVO	V50 FWD	2,5	5	21	30	25
2007	AUDI	A6 AVANT QUATTRO	3,1	6	19	27	22
2007	BMW	530XI SPORT WAGON	3	6	19	28	22
2007	BMW	530XI SPORT WAGON	3	6	20	27	23
2007	FORD	FOCUS STATION WAG	2	4	27	34	29
2007	FORD	FOCUS STATION WAG	2	4	27	37	31
2007	KIA	RONDO	2,4	4	21	29	24
2007	KIA	RONDO	2,7	6	20	27	23
2007	MAZDA	MAZDA 5	2,3	4	22	27	24
2007	MAZDA	MAZDA 5	2,3	4	21	26	23
2007	MAZDA	MAZDA 6 SPORT WAGON	3	6	19	27	22
2007	MAZDA	MAZDA 6 SPORT WAGON	3	6	20	27	22
2007	MERCEDES-BENZ	E350 4MATIC (WAGON)	3,5	6	18	24	20
2007	MERCEDES-BENZ	E63 AMG (WAGON)	6,2	8	14	20	16
2007	SAAB	9-5 SPORTCOMBI	2,3	4	20	30	24
2007	SAAB	9-5 SPORTCOMBI	2,3	4	19	29	23
2007	SUBARU	LEGACY WAGON AWD	2,5	4	20	27	23
2007	SUBARU	LEGACY WAGON AWD	2,5	4	22	29	25
2007	SUBARU	LEGACY WAGON AWD	2,5	4	23	30	26
2007	SUBARU	LEGACY WAGON AWD	2,5	4	19	25	22
2007	VOLKSWAGEN	PASSAT WAGON	2	4	23	32	27
2007	VOLKSWAGEN	PASSAT WAGON	2	4	23	31	26
2007	VOLKSWAGEN	PASSAT WAGON	3,6	6	19	28	22
2007	VOLKSWAGEN	PASSAT WAGON 4MOTION	3,6	6	18	26	21
2007	VOLVO	V70 AWD	2,5	5	20	27	23
2007	VOLVO	V70 AWD	2,5	5	20	28	23
2007	VOLVO	V70 FWD	2,4	5	21	29	24
2007	VOLVO	V70 FWD	2,4	5	22	29	24
2007	VOLVO	V70 FWD	2,4	5	20	26	22
2007	VOLVO	V70 FWD	2,4	5	20	28	23
2007	VOLVO	V70 FWD	2,5	5	20	29	23
2007	VOLVO	V70 R AWD	2,5	5	18	24	21
2007	VOLVO	V70 R AWD	2,5	5	17	25	20
2007	CHEVROLET	C15 SILVERADO 2WD	4,3	6	17	21	18
2007	CHEVROLET	C15 SILVERADO 2WD	4,8	8	16	20	17
2007	CHEVROLET	C15 SILVERADO 2WD	5,3	8	16	22	18
2007	CHEVROLET	C15 SILVERADO 2WD	5,3	8	12	16	13
2007	CHEVROLET	C15 SILVERADO 2WD	5,3	8	16	21	18
2007	CHEVROLET	C15 SILVERADO 2WD	6	8	15	19	17
2007	CHEVROLET	C1500 SILVERADO CLASSIC 2WD	4,3	6	16	21	18
2007	CHEVROLET	C1500 SILVERADO CLASSIC 2WD	4,3	6	16	23	19
2007	CHEVROLET	C1500 SILVERADO CLASSIC 2WD	4,8	8	16	21	18
2007	CHEVROLET	C1500 SILVERADO CLASSIC 2WD	5,3	8	16	21	18
2007	CHEVROLET	C1500 SILVERADO CLASSIC 2WD	5,3	8	12	16	13
2007	CHEVROLET	C1500 SILVERADO CLASSIC 2WD	5,3	8	16	21	17
2007	CHEVROLET	C1500 SILVERADO CLASSIC 2WD	6	8	14	19	16
2007	CHEVROLET	C15SLVRADOCLASSICHYBRID 2WD	5,3	8	18	21	19
2007	CHEVROLET	COLORADO 2WD	2,9	4	17	24	20
2007	CHEVROLET	COLORADO 2WD	2,9	4	20	26	22
2007	CHEVROLET	COLORADO 2WD	3,7	5	17	23	20
2007	CHEVROLET	COLORADO CAB CHASSIS INC 2WD	3,7	5	15	20	17
2007	CHEVROLET	COLORADO CREW CAB 2WD	2,9	4	17	24	20
2007	CHEVROLET	COLORADO CREW CAB 2WD	2,9	4	20	26	22
2007	CHEVROLET	COLORADO CREW CAB 2WD	3,7	5	17	23	20
2007	DODGE	DAKOTA PICKUP 2WD	3,7	6	16	22	18
2007	DODGE	DAKOTA PICKUP 2WD	3,7	6	16	22	19
2007	DODGE	DAKOTA PICKUP 2WD	4,7	8	15	20	17
2007	DODGE	DAKOTA PICKUP 2WD	4,7	8	15	20	17
2007	DODGE	RAM 1500 PICKUP 2WD	3,7	6	16	21	18
2007	DODGE	RAM 1500 PICKUP 2WD	3,7	6	16	21	19
2007	DODGE	RAM 1500 PICKUP 2WD	4,7	8	9	13	11
2007	DODGE	RAM 1500 PICKUP 2WD	4,7	8	14	19	16
2007	DODGE	RAM 1500 PICKUP 2WD	4,7	8	14	19	16
2007	DODGE	RAM 1500 PICKUP 2WD	5,7	8	15	19	17
2007	FORD	EXPLORER SPORT TRAC 2WD	4	6	15	21	17
2007	FORD	EXPLORER SPORT TRAC 2WD	4,6	8	15	21	17
2007	FORD	F150 FFV  2WD	5,4	8	11	14	12
2007	FORD	F150 FFV  2WD	5,4	8	15	19	16
2007	FORD	F150 PICKUP 2WD	4,2	6	16	20	17
2007	FORD	F150 PICKUP 2WD	4,2	6	16	21	17
2007	FORD	F150 PICKUP 2WD	4,6	8	15	20	17
2007	FORD	F150 PICKUP 2WD	5,4	8	15	19	16
2007	FORD	F150 STX SE 2WD	5,4	8	15	20	17
2007	FORD	F150 STX SE 2WD FFV	5,4	8	11	15	13
2007	FORD	F150 STX SE 2WD FFV	5,4	8	15	20	17
2007	FORD	RANGER PICKUP 2WD	2,3	4	21	26	23
2007	FORD	RANGER PICKUP 2WD	2,3	4	24	29	26
2007	FORD	RANGER PICKUP 2WD	3	6	17	21	19
2007	FORD	RANGER PICKUP 2WD	3	6	18	23	20
2007	FORD	RANGER PICKUP 2WD	4	6	17	21	19
2007	FORD	RANGER PICKUP 2WD	4	6	17	22	19
2007	GMC	C15 SIERRA 2WD	4,3	6	17	21	18
2007	GMC	C15 SIERRA 2WD	4,8	8	16	20	18
2007	GMC	C15 SIERRA 2WD	5,3	8	16	22	18
2007	GMC	C15 SIERRA 2WD	5,3	8	12	16	13
2007	GMC	C15 SIERRA 2WD	5,3	8	16	21	18
2007	GMC	C15 SIERRA 2WD	6	8	15	19	17
2007	GMC	C15 SIERRA 2WD	6,2	8	14	20	16
2007	GMC	C1500 SIERRA CLASSIC 2WD	4,3	6	16	21	18
2007	GMC	C1500 SIERRA CLASSIC 2WD	4,3	6	16	23	19
2007	GMC	C1500 SIERRA CLASSIC 2WD	4,8	8	16	21	18
2007	GMC	C1500 SIERRA CLASSIC 2WD	5,3	8	16	21	18
2007	GMC	C1500 SIERRA CLASSIC 2WD	5,3	8	12	16	13
2007	GMC	C1500 SIERRA CLASSIC 2WD	5,3	8	16	21	17
2007	GMC	C1500 SIERRA CLASSIC 2WD	6	8	14	19	16
2007	GMC	C15SIERRACLASSICHYBRID 2WD	5,3	8	18	21	19
2007	GMC	CANYON 2WD	2,9	4	17	24	20
2007	GMC	CANYON 2WD	2,9	4	20	26	22
2007	GMC	CANYON 2WD	3,7	5	17	23	20
2007	GMC	CANYON CAB CHASSIS INC 2WD	3,7	5	15	20	17
2007	GMC	CANYON CREW CAB 2WD	2,9	4	17	24	20
2007	GMC	CANYON CREW CAB 2WD	2,9	4	20	26	22
2007	GMC	CANYON CREW CAB 2WD	3,7	5	17	23	20
2007	ISUZU	I-290 2WD EXT CAB	2,9	4	17	24	20
2007	ISUZU	I-290 2WD EXT CAB	2,9	4	20	26	22
2007	ISUZU	I-370 2WD CREW CAB	3,7	5	17	23	20
2007	ISUZU	I-370 2WD EXT CAB	3,7	5	17	23	20
2007	LINCOLN	MARK LT	5,4	8	14	18	15
2007	MAZDA	B2300 2WD	2,3	4	21	26	23
2007	MAZDA	B2300 2WD	2,3	4	24	29	26
2007	MAZDA	B3000	3	6	17	21	18
2007	MAZDA	B3000	3	6	18	23	20
2007	MAZDA	B4000 2WD	4	6	17	21	19
2007	MITSUBISHI	RAIDER PICKUP 2WD	3,7	6	16	22	18
2007	MITSUBISHI	RAIDER PICKUP 2WD	3,7	6	16	22	19
2007	MITSUBISHI	RAIDER PICKUP 2WD	4,7	8	15	20	17
2007	MITSUBISHI	RAIDER PICKUP 2WD	4,7	8	15	20	17
2007	NISSAN	FRONTIER 2WD	2,5	4	19	24	21
2007	NISSAN	FRONTIER 2WD	2,5	4	22	25	23
2007	NISSAN	FRONTIER V6-2WD	4	6	16	21	18
2007	NISSAN	FRONTIER V6-2WD	4	6	17	21	19
2007	NISSAN	TITAN 2WD	5,6	8	14	18	16
2007	NISSAN	TITAN 2WD	5,6	8	10	13	11
2007	NISSAN	TITAN 2WD	5,6	8	14	18	15
2007	ROUSH PERFORMANCE	STAGE3 F150 REGULAR CAB 2WD	5,4	8	12	15	13
2007	ROUSH PERFORMANCE	STAGE3 F150 SUPERCAB 2WD	5,4	8	12	15	13
2007	ROUSH PERFORMANCE	STAGE3 F150 SUPERCREW 2WD	5,4	8	12	15	13
2007	TOYOTA	TOYOTA TACOMA 2WD	2,7	4	21	27	24
2007	TOYOTA	TOYOTA TACOMA 2WD	2,7	4	23	28	25
2007	TOYOTA	TOYOTA TACOMA 2WD	4	6	19	22	20
2007	TOYOTA	TOYOTA TACOMA 2WD	4	6	17	21	19
2007	TOYOTA	TOYOTA TUNDRA 2WD	4	6	17	20	18
2007	TOYOTA	TOYOTA TUNDRA 2WD	4,7	8	15	18	16
2007	TOYOTA	TOYOTA TUNDRA 2WD	5,7	8	16	20	17
2007	CHEVROLET	COLORADO 4WD	2,9	4	16	23	19
2007	CHEVROLET	COLORADO 4WD	2,9	4	18	24	20
2007	CHEVROLET	COLORADO 4WD	3,7	5	16	22	19
2007	CHEVROLET	COLORADO CAB CHASSIS INC 4WD	3,7	5	15	19	17
2007	CHEVROLET	COLORADO CREW CAB 4WD	3,7	5	16	22	18
2007	CHEVROLET	K15 SILVERADO 4WD	4,3	6	16	19	17
2007	CHEVROLET	K15 SILVERADO 4WD	4,8	8	15	19	16
2007	CHEVROLET	K15 SILVERADO 4WD	5,3	8	16	20	17
2007	CHEVROLET	K15 SILVERADO 4WD	5,3	8	12	15	13
2007	CHEVROLET	K15 SILVERADO 4WD	5,3	8	16	20	17
2007	CHEVROLET	K15 SILVERADO 4WD	6	8	15	19	16
2007	CHEVROLET	K1500 SILVERADO CLASSIC 4WD	4,3	6	15	18	16
2007	CHEVROLET	K1500 SILVERADO CLASSIC 4WD	4,3	6	15	20	17
2007	CHEVROLET	K1500 SILVERADO CLASSIC 4WD	4,8	8	15	19	17
2007	CHEVROLET	K1500 SILVERADO CLASSIC 4WD	5,3	8	15	19	16
2007	CHEVROLET	K1500 SILVERADO CLASSIC 4WD	5,3	8	11	14	12
2007	CHEVROLET	K1500 SILVERADO CLASSIC 4WD	5,3	8	15	19	16
2007	CHEVROLET	K1500 SILVERADO CLASSIC 4WD	6	8	14	17	15
2007	CHEVROLET	K15SLVRADOCLASSICHYBRID4WD	5,3	8	17	19	18
2007	DODGE	DAKOTA PICKUP 4WD	3,7	6	15	19	17
2007	DODGE	DAKOTA PICKUP 4WD	3,7	6	16	20	18
2007	DODGE	DAKOTA PICKUP 4WD	4,7	8	15	20	17
2007	DODGE	DAKOTA PICKUP 4WD	4,7	8	15	19	17
2007	DODGE	RAM 1500 PICKUP 4WD	4,7	8	9	13	11
2007	DODGE	RAM 1500 PICKUP 4WD	4,7	8	14	18	15
2007	DODGE	RAM 1500 PICKUP 4WD	4,7	8	14	18	16
2007	DODGE	RAM 1500 PICKUP 4WD	5,7	8	14	18	16
2007	FORD	EXPLORER SPORT TRAC 4WD	4	6	15	20	17
2007	FORD	EXPLORER SPORT TRAC 4WD	4,6	8	14	20	16
2007	FORD	F150 FFV  4WD	5,4	8	10	13	11
2007	FORD	F150 FFV  4WD	5,4	8	14	18	15
2007	FORD	F150 PICKUP 4WD	4,6	8	15	19	16
2007	FORD	F150 PICKUP 4WD	5,4	8	14	18	15
2007	FORD	RANGER PICKUP 4WD	3	6	16	20	18
2007	FORD	RANGER PICKUP 4WD	3	6	17	21	18
2007	FORD	RANGER PICKUP 4WD	4	6	15	19	16
2007	FORD	RANGER PICKUP 4WD	4	6	17	20	18
2007	GMC	CANYON 4WD	2,9	4	16	23	19
2007	GMC	CANYON 4WD	2,9	4	18	24	20
2007	GMC	CANYON 4WD	3,7	5	16	22	19
2007	GMC	CANYON CAB CHASSIS INC 4WD	3,7	5	15	19	17
2007	GMC	CANYON CREW CAB 4WD	3,7	5	16	22	18
2007	GMC	K15 SIERRA 4WD	4,3	6	16	19	17
2007	GMC	K15 SIERRA 4WD	4,8	8	15	19	16
2007	GMC	K15 SIERRA 4WD	5,3	8	16	20	17
2007	GMC	K15 SIERRA 4WD	5,3	8	12	15	13
2007	GMC	K15 SIERRA 4WD	5,3	8	16	20	17
2007	GMC	K15 SIERRA 4WD	6	8	15	19	16
2007	GMC	K15 SIERRA AWD	6,2	8	13	19	15
2007	GMC	K1500 SIERRA CLASSIC 4WD	4,3	6	15	18	16
2007	GMC	K1500 SIERRA CLASSIC 4WD	4,3	6	15	20	17
2007	GMC	K1500 SIERRA CLASSIC 4WD	4,8	8	15	19	17
2007	GMC	K1500 SIERRA CLASSIC 4WD	5,3	8	15	19	16
2007	GMC	K1500 SIERRA CLASSIC 4WD	5,3	8	11	14	12
2007	GMC	K1500 SIERRA CLASSIC 4WD	5,3	8	15	19	16
2007	GMC	K1500 SIERRA CLASSIC 4WD	6	8	14	17	15
2007	GMC	K1500 SIERRA CLASSIC AWD	6	8	14	17	15
2007	GMC	K15SIERRACLASSICHYBRID4WD	5,3	8	17	19	18
2007	HONDA	RIDGELINE 4WD	3,5	6	16	21	18
2007	ISUZU	I-370 4WD CREW CAB	3,7	5	16	22	18
2007	LINCOLN	MARK LT	5,4	8	14	18	15
2007	MAZDA	B4000 4WD	4	6	15	19	16
2007	MAZDA	B4000 4WD	4	6	17	20	18
2007	MITSUBISHI	RAIDER PICKUP 4WD	3,7	6	15	19	17
2007	MITSUBISHI	RAIDER PICKUP 4WD	3,7	6	16	20	18
2007	MITSUBISHI	RAIDER PICKUP 4WD	4,7	8	15	20	17
2007	MITSUBISHI	RAIDER PICKUP 4WD	4,7	8	15	19	17
2007	NISSAN	FRONTIER V6-4WD	4	6	16	20	18
2007	NISSAN	FRONTIER V6-4WD	4	6	17	21	19
2007	NISSAN	TITAN 4WD	5,6	8	13	18	15
2007	NISSAN	TITAN 4WD	5,6	8	10	13	11
2007	NISSAN	TITAN 4WD	5,6	8	14	18	15
2007	ROUSH PERFORMANCE	STAGE3 F150 REGULAR CAR 4WD	5,4	8	12	15	13
2007	ROUSH PERFORMANCE	STAGE3 F150 SUPERCAB 4WD	5,4	8	12	15	13
2007	ROUSH PERFORMANCE	STAGE3 F150 SUPERCREW 4WD	5,4	8	12	15	13
2007	TOYOTA	TOYOTA TACOMA 4WD	2,7	4	19	23	21
2007	TOYOTA	TOYOTA TACOMA 4WD	4	6	18	21	19
2007	TOYOTA	TOYOTA TACOMA 4WD	4	6	16	20	18
2007	TOYOTA	TOYOTA TUNDRA 4WD	4,7	8	15	18	16
2007	TOYOTA	TOYOTA TUNDRA 4WD	5,7	8	14	18	16
2007	CHEVROLET	G15/25 VAN CONV 2WD	5,3	8	14	18	16
2007	CHEVROLET	G15/25 VAN CONV 2WD	5,3	8	10	13	11
2007	CHEVROLET	G15/25 VAN CONV 2WD	5,3	8	14	18	15
2007	CHEVROLET	G1500/2500 VAN 2WD	4,3	6	15	20	17
2007	CHEVROLET	G1500/2500 VAN 2WD	5,3	8	15	20	17
2007	CHEVROLET	G1500/2500 VAN 2WD	5,3	8	12	16	13
2007	CHEVROLET	G1500/2500 VAN 2WD	5,3	8	15	20	17
2007	CHEVROLET	H1500 VAN CONV AWD	5,3	8	14	18	15
2007	CHEVROLET	H1500 VAN CONV AWD	5,3	8	10	13	12
2007	CHEVROLET	H1500 VAN CONV AWD	5,3	8	14	18	16
2007	CHEVROLET	H1500/2500 VAN AWD	5,3	8	14	18	16
2007	CHEVROLET	H1500/2500 VAN AWD	5,3	8	11	14	12
2007	CHEVROLET	H1500/2500 VAN AWD	5,3	8	14	18	16
2007	GMC	G15/25 SAVANA 2WD CARGO CONV	5,3	8	14	18	16
2007	GMC	G15/25 SAVANA 2WD CARGO CONV	5,3	8	10	13	11
2007	GMC	G15/25 SAVANA 2WD CARGO CONV	5,3	8	14	18	15
2007	GMC	G1500/2500 SAVANA 2WD CARGO	4,3	6	15	20	17
2007	GMC	G1500/2500 SAVANA 2WD CARGO	5,3	8	15	20	17
2007	GMC	G1500/2500 SAVANA 2WD CARGO	5,3	8	12	16	13
2007	GMC	G1500/2500 SAVANA 2WD CARGO	5,3	8	15	20	17
2007	GMC	H1500 SAVANA AWD CARGO CONV	5,3	8	14	18	15
2007	GMC	H1500 SAVANA AWD CARGO CONV	5,3	8	10	13	12
2007	GMC	H1500 SAVANA AWD CARGO CONV	5,3	8	14	18	16
2007	GMC	H1500/2500 SAVANA CARGO AWD	5,3	8	14	18	16
2007	GMC	H1500/2500 SAVANA CARGO AWD	5,3	8	11	14	12
2007	GMC	H1500/2500 SAVANA CARGO AWD	5,3	8	14	18	16
2007	CHEVROLET	G1500/2500 EXPRESS 2WD	5,3	8	14	18	16
2007	CHEVROLET	G1500/2500 EXPRESS 2WD	5,3	8	10	13	11
2007	CHEVROLET	G1500/2500 EXPRESS 2WD	5,3	8	14	18	15
2007	CHEVROLET	H1500 EXPRESS AWD	5,3	8	14	18	15
2007	CHEVROLET	H1500 EXPRESS AWD	5,3	8	10	13	12
2007	CHEVROLET	H1500 EXPRESS AWD	5,3	8	14	18	16
2007	GMC	G1500/2500 SAVANA 2WD PASS	5,3	8	14	18	16
2007	GMC	G1500/2500 SAVANA 2WD PASS	5,3	8	10	13	11
2007	GMC	G1500/2500 SAVANA 2WD PASS	5,3	8	14	18	15
2007	GMC	H1500 SAVANA PASS VAN AWD	5,3	8	14	18	15
2007	GMC	H1500 SAVANA PASS VAN AWD	5,3	8	10	13	12
2007	GMC	H1500 SAVANA PASS VAN AWD	5,3	8	14	18	16
2007	BUICK	TERRAZA FWD	3,9	6	18	25	21
2007	BUICK	TERRAZA FWD	3,9	6	13	19	15
2007	BUICK	TERRAZA FWD	3,9	6	18	25	21
2007	CHEVROLET	UPLANDER FWD	3,9	6	18	25	21
2007	CHEVROLET	UPLANDER FWD	3,9	6	13	19	15
2007	CHEVROLET	UPLANDER FWD	3,9	6	18	25	21
2007	CHRYSLER	VOYAGER/TOWN&COUNTRY	3,3	6	19	26	21
2007	CHRYSLER	VOYAGER/TOWN&COUNTRY	3,8	6	18	25	20
2007	DODGE	CARAVAN 2WD	2,4	4	20	26	22
2007	DODGE	CARAVAN 2WD	3,3	6	19	26	21
2007	DODGE	CARAVAN 2WD	3,8	6	18	25	20
2007	FORD	FREESTAR CARGO VAN FWD	3,9	6	18	24	20
2007	FORD	FREESTAR CARGO VAN FWD	4,2	6	17	23	19
2007	FORD	FREESTAR WAGON FWD	3,9	6	18	24	20
2007	FORD	FREESTAR WAGON FWD	4,2	6	17	23	19
2007	HONDA	ODYSSEY 2WD	3,5	6	18	25	20
2007	HONDA	ODYSSEY 2WD	3,5	6	19	26	21
2007	KIA	ENTOURAGE	3,8	6	18	25	20
2007	KIA	SEDONA	3,8	6	18	25	20
2007	MERCURY	MONTEREY WAGON FWD	4,2	6	17	23	19
2007	NISSAN	QUEST	3,5	6	18	25	21
2007	SATURN	RELAY FWD	3,9	6	18	25	21
2007	SATURN	RELAY FWD	3,9	6	13	19	15
2007	SATURN	RELAY FWD	3,9	6	18	25	21
2007	TOYOTA	SIENNA 2WD	3,5	6	19	26	22
2007	TOYOTA	SIENNA 4WD	3,5	6	18	23	20
2007	BUICK	RAINIER 2WD	4,2	6	16	22	18
2007	BUICK	RAINIER 2WD	5,3	8	16	22	18
2007	BUICK	RENDEZVOUS FWD	3,5	6	19	26	21
2007	CADILLAC	ESCALADE 2WD	6,2	8	13	20	16
2007	CADILLAC	SRX 2WD	3,6	6	16	24	19
2007	CADILLAC	SRX 2WD	4,6	8	15	22	17
2007	CHEVROLET	C1500 AVALANCHE 2WD	5,3	8	15	21	17
2007	CHEVROLET	C1500 AVALANCHE 2WD	5,3	8	12	16	13
2007	CHEVROLET	C1500 AVALANCHE 2WD	5,3	8	15	21	17
2007	CHEVROLET	C1500 AVALANCHE 2WD	6	8	14	19	16
2007	CHEVROLET	C1500 SUBURBAN 2WD	5,3	8	15	21	17
2007	CHEVROLET	C1500 SUBURBAN 2WD	5,3	8	12	16	13
2007	CHEVROLET	C1500 SUBURBAN 2WD	5,3	8	15	21	17
2007	CHEVROLET	C1500 SUBURBAN 2WD	6	8	14	19	16
2007	CHEVROLET	C1500 TAHOE 2WD	4,8	8	15	20	17
2007	CHEVROLET	C1500 TAHOE 2WD	5,3	8	16	22	18
2007	CHEVROLET	C1500 TAHOE 2WD	5,3	8	12	16	13
2007	CHEVROLET	C1500 TAHOE 2WD	5,3	8	16	21	18
2007	CHEVROLET	EQUINOX FWD	3,4	6	19	26	22
2007	CHEVROLET	HHR FWD	2,2	4	23	30	25
2007	CHEVROLET	HHR FWD	2,2	4	22	30	25
2007	CHEVROLET	HHR FWD	2,4	4	23	30	26
2007	CHEVROLET	HHR FWD	2,4	4	22	30	25
2007	CHEVROLET	HHR PANEL FWD	2,2	4	23	30	26
2007	CHEVROLET	HHR PANEL FWD	2,2	4	23	32	26
2007	CHEVROLET	HHR PANEL FWD	2,4	4	23	30	26
2007	CHEVROLET	HHR PANEL FWD	2,4	4	23	31	26
2007	CHEVROLET	TRAILBLAZER 2WD	4,2	6	16	22	18
2007	CHEVROLET	TRAILBLAZER 2WD	5,3	8	16	22	18
2007	CHEVROLET	TRAILBLAZER 2WD	6	8	15	19	16
2007	CHRYSLER	ASPEN 2WD	4,7	8	10	14	11
2007	CHRYSLER	ASPEN 2WD	4,7	8	14	19	16
2007	CHRYSLER	ASPEN 2WD	5,7	8	15	20	17
2007	CHRYSLER	PACIFICA 2WD	3,8	6	18	25	20
2007	CHRYSLER	PACIFICA 2WD	4	6	16	24	19
2007	CHRYSLER	PT CRUISER	2,4	4	19	26	23
2007	CHRYSLER	PT CRUISER	2,4	4	21	26	23
2007	CHRYSLER	PT CRUISER	2,4	4	21	27	23
2007	CHRYSLER	PT CRUISER	2,4	4	22	29	25
2007	DODGE	DURANGO 2WD	3,7	6	16	21	18
2007	DODGE	DURANGO 2WD	4,7	8	10	14	11
2007	DODGE	DURANGO 2WD	4,7	8	14	19	16
2007	DODGE	DURANGO 2WD	5,7	8	15	20	17
2007	DODGE	MAGNUM	2,7	6	21	28	24
2007	DODGE	MAGNUM	3,5	6	19	27	22
2007	DODGE	MAGNUM	5,7	8	17	25	20
2007	DODGE	MAGNUM	6,1	8	14	20	16
2007	DODGE	NITRO 2WD	3,7	6	18	24	20
2007	DODGE	NITRO 2WD	3,7	6	18	24	20
2007	DODGE	NITRO 2WD	4	6	18	23	20
2007	FORD	EDGE FWD	3,5	6	18	25	21
2007	FORD	ESCAPE FWD	2,3	4	23	26	24
2007	FORD	ESCAPE FWD	2,3	4	24	29	26
2007	FORD	ESCAPE FWD	3	6	20	24	22
2007	FORD	ESCAPE HYBRID FWD	2,3	4	36	31	34
2007	FORD	EXPEDITION 2WD	5,4	8	14	20	16
2007	FORD	EXPLORER 2WD	4	6	15	21	18
2007	FORD	EXPLORER 2WD	4,6	8	15	21	17
2007	FORD	FREESTYLE FWD	3	6	20	27	23
2007	GMC	ACADIA FWD	3,6	6	18	26	21
2007	GMC	C1500 YUKON 2WD	4,8	8	15	20	17
2007	GMC	C1500 YUKON 2WD	5,3	8	16	22	18
2007	GMC	C1500 YUKON 2WD	5,3	8	12	16	13
2007	GMC	C1500 YUKON 2WD	5,3	8	16	21	18
2007	GMC	C1500 YUKON XL 2WD	5,3	8	15	21	17
2007	GMC	C1500 YUKON XL 2WD	5,3	8	12	16	13
2007	GMC	C1500 YUKON XL 2WD	5,3	8	15	21	17
2007	GMC	C1500 YUKON XL 2WD	6	8	14	19	16
2007	GMC	ENVOY 2WD	4,2	6	16	22	18
2007	GMC	ENVOY 2WD	5,3	8	16	22	18
2007	HONDA	CR-V 2WD	2,4	4	23	30	25
2007	HONDA	ELEMENT 2WD	2,4	4	22	27	24
2007	HONDA	ELEMENT 2WD	2,4	4	21	25	23
2007	HONDA	PILOT 2WD	3,5	6	18	24	20
2007	HYUNDAI	SANTAFE 2WD	2,7	6	21	26	23
2007	HYUNDAI	SANTAFE 2WD	2,7	6	20	25	22
2007	HYUNDAI	SANTAFE 2WD	3,3	6	19	26	22
2007	HYUNDAI	TUCSON 2WD	2	4	22	27	24
2007	HYUNDAI	TUCSON 2WD	2	4	23	28	25
2007	HYUNDAI	TUCSON 2WD	2,7	6	20	26	22
2007	HYUNDAI	VERACRUZ 2WD	3,8	6	18	25	20
2007	INFINITI	FX35 RWD	3,5	6	17	23	20
2007	INFINITI	QX56 2WD	5,6	8	13	18	15
2007	ISUZU	ASCENDER 5-PASSENGER 2WD	4,2	6	16	22	18
2007	JEEP	COMMANDER 2WD	3,7	6	16	20	17
2007	JEEP	COMMANDER 2WD	4,7	8	10	14	11
2007	JEEP	COMMANDER 2WD	4,7	8	15	19	17
2007	JEEP	COMMANDER 2WD	5,7	8	15	19	17
2007	JEEP	COMPASS 2WD	2	4	26	30	28
2007	JEEP	COMPASS 2WD	2,4	4	24	27	25
2007	JEEP	GRAND CHEROKEE 2WD	3	6	20	25	22
2007	JEEP	GRAND CHEROKEE 2WD	3,7	6	17	22	19
2007	JEEP	GRAND CHEROKEE 2WD	4,7	8	10	14	11
2007	JEEP	GRAND CHEROKEE 2WD	4,7	8	15	20	17
2007	JEEP	GRAND CHEROKEE 2WD	5,7	8	15	20	17
2007	JEEP	LIBERTY/CHEROKEE 2WD	3,7	6	17	23	19
2007	JEEP	LIBERTY/CHEROKEE 2WD	3,7	6	18	22	19
2007	JEEP	PATRIOT 2WD	2	4	26	30	28
2007	JEEP	PATRIOT 2WD	2,4	4	24	27	25
2007	JEEP	WRANGLER 2WD	3,8	6	17	21	19
2007	JEEP	WRANGLER 2WD	3,8	6	18	22	19
2007	KIA	SORENTO 2WD	3,3	6	18	24	20
2007	KIA	SORENTO 2WD	3,8	6	17	23	19
2007	KIA	SPORTAGE 2WD	2	4	22	27	24
2007	KIA	SPORTAGE 2WD	2	4	23	28	25
2007	KIA	SPORTAGE 2WD	2,7	6	19	25	22
2007	LEXUS	RX 350 2WD	3,5	6	20	25	22
2007	LEXUS	RX 350 2WD	3,5	6	20	25	22
2007	LEXUS	RX 400H 2WD	3,3	6	32	27	29
2007	LINCOLN	MKX FWD	3,5	6	18	25	21
2007	LINCOLN	NAVIGATOR 2WD	5,4	8	13	18	15
2007	MAZDA	CX-7 2WD	2,3	4	19	24	21
2007	MAZDA	CX-9 2WD	3,5	6	18	24	20
2007	MERCURY	MARINER FWD	2,3	4	23	26	24
2007	MERCURY	MARINER FWD	3	6	20	24	22
2007	MERCURY	MOUNTAINEER 2WD	4	6	15	21	17
2007	MERCURY	MOUNTAINEER 2WD	4,6	8	15	21	17
2007	MITSUBISHI	ENDEAVOR 2WD	3,8	6	17	23	20
2007	MITSUBISHI	OUTLANDER 2WD	3	6	20	27	22
2007	NISSAN	ARMADA 2WD	5,6	8	13	19	15
2007	NISSAN	ARMADA 2WD	5,6	8	10	14	11
2007	NISSAN	ARMADA 2WD	5,6	8	13	19	15
2007	NISSAN	MURANO FWD	3,5	6	20	25	22
2007	NISSAN	PATHFINDER 2WD	4	6	16	23	19
2007	NISSAN	XTERRA 2WD	4	6	16	22	19
2007	NISSAN	XTERRA 2WD	4	6	18	22	19
2007	PONTIAC	TORRENT FWD	3,4	6	19	26	22
2007	SATURN	OUTLOOK FWD	3,6	6	18	26	21
2007	SATURN	VUE FWD	2,2	4	22	27	24
2007	SATURN	VUE FWD	2,2	4	23	29	25
2007	SATURN	VUE FWD	3,5	6	20	28	23
2007	SATURN	VUE HYBRID	2,4	4	27	32	29
2007	SUZUKI	GRAND VITARA	2,7	6	19	24	21
2007	SUZUKI	GRAND VITARA	2,7	6	18	23	20
2007	SUZUKI	XL7 FWD	3,6	6	18	24	20
2007	TOYOTA	4RUNNER 2WD	4	6	18	22	20
2007	TOYOTA	4RUNNER 2WD	4,7	8	17	20	18
2007	TOYOTA	FJ CRUISER 2WD	4	6	19	22	20
2007	TOYOTA	HIGHLANDER 2WD	2,4	4	22	28	24
2007	TOYOTA	HIGHLANDER 2WD	3,3	6	19	25	21
2007	TOYOTA	HIGHLANDER HYBRID 2WD	3,3	6	32	27	29
2007	TOYOTA	RAV4 2WD	2,4	4	24	30	26
2007	TOYOTA	RAV4 2WD	3,5	6	22	29	25
2007	TOYOTA	SEQUOIA 2WD	4,7	8	15	18	16
2007	VOLVO	XC 90 FWD	2,5	5	17	23	19
2007	VOLVO	XC 90 FWD	3,2	6	17	22	19
2007	ACURA	MDX 4WD	3,7	6	17	22	19
2007	ACURA	RDX 4WD	2,3	4	19	23	21
2007	AUDI	Q7	3,6	6	16	20	17
2007	AUDI	Q7	4,2	8	14	19	16
2007	BMW	X3 3.0I	3	6	18	26	21
2007	BMW	X3 3.0I	3	6	19	26	22
2007	BMW	X3 3.0SI	3	6	18	26	21
2007	BMW	X3 3.0SI	3	6	19	26	22
2007	BMW	X5 3.0SI	3	6	17	23	19
2007	BMW	X5 4.8I	4,8	8	15	21	17
2007	BUICK	RAINIER AWD	4,2	6	15	21	18
2007	BUICK	RAINIER AWD	5,3	8	15	21	17
2007	BUICK	RENDEZVOUS AWD	3,5	6	18	23	20
2007	CADILLAC	ESCALADE AWD	6,2	8	13	19	15
2007	CADILLAC	SRX AWD	3,6	6	16	23	18
2007	CADILLAC	SRX AWD	4,6	8	15	22	17
2007	CHEVROLET	EQUINOX AWD	3,4	6	19	25	21
2007	CHEVROLET	K1500 AVALANCHE 4WD	5,3	8	11	15	13
2007	CHEVROLET	K1500 AVALANCHE 4WD	5,3	8	15	20	17
2007	CHEVROLET	K1500 AVALANCHE 4WD	6	8	14	18	16
2007	CHEVROLET	K1500 SUBURBAN 4WD	5,3	8	11	15	13
2007	CHEVROLET	K1500 SUBURBAN 4WD	5,3	8	15	20	17
2007	CHEVROLET	K1500 SUBURBAN 4WD	6	8	14	18	16
2007	CHEVROLET	K1500 TAHOE 4WD	5,3	8	11	15	13
2007	CHEVROLET	K1500 TAHOE 4WD	5,3	8	15	21	17
2007	CHEVROLET	TRAILBLAZER 4WD	4,2	6	15	21	18
2007	CHEVROLET	TRAILBLAZER 4WD	5,3	8	15	21	17
2007	CHEVROLET	TRAILBLAZER AWD	6	8	14	17	15
2007	CHEVROLET	TRAILBLAZER EXT 4WD	5,3	8	16	20	17
2007	CHRYSLER	ASPEN 4WD	4,7	8	9	13	11
2007	CHRYSLER	ASPEN 4WD	4,7	8	14	18	15
2007	CHRYSLER	ASPEN 4WD	5,7	8	14	19	16
2007	CHRYSLER	PACIFICA AWD	4	6	16	24	19
2007	DODGE	DURANGO 4WD	4,7	8	9	13	11
2007	DODGE	DURANGO 4WD	4,7	8	14	18	15
2007	DODGE	DURANGO 4WD	5,7	8	14	19	16
2007	DODGE	MAGNUM AWD	3,5	6	17	24	20
2007	DODGE	MAGNUM AWD	5,7	8	17	24	20
2007	DODGE	NITRO 4WD	3,7	6	17	23	19
2007	DODGE	NITRO 4WD	3,7	6	18	24	20
2007	DODGE	NITRO 4WD	4	6	17	22	19
2007	FORD	EDGE AWD	3,5	6	17	24	20
2007	FORD	ESCAPE 4WD	2,3	4	21	24	22
2007	FORD	ESCAPE 4WD	2,3	4	22	27	24
2007	FORD	ESCAPE 4WD	3	6	19	23	21
2007	FORD	ESCAPE HYBRID 4WD	2,3	4	32	29	31
2007	FORD	EXPLORER 4WD	4	6	15	20	17
2007	FORD	EXPLORER 4WD	4,6	8	14	20	16
2007	FORD	FREESTYLE AWD	3	6	19	24	21
2007	GMC	ACADIA AWD	3,6	6	17	24	20
2007	GMC	ENVOY 4WD	4,2	6	15	21	18
2007	GMC	ENVOY 4WD	5,3	8	15	21	17
2007	GMC	ENVOY XL 4WD	5,3	8	16	20	17
2007	GMC	K1500 YUKON 4WD	5,3	8	11	15	13
2007	GMC	K1500 YUKON 4WD	5,3	8	15	21	17
2007	GMC	K1500 YUKON DENALI AWD	6,2	8	13	19	15
2007	GMC	K1500 YUKON XL 4WD	5,3	8	11	15	13
2007	GMC	K1500 YUKON XL 4WD	5,3	8	15	20	17
2007	GMC	K1500 YUKON XL 4WD	6	8	14	18	16
2007	HONDA	CR-V 4WD	2,4	4	22	28	24
2007	HONDA	ELEMENT 4WD	2,4	4	21	26	23
2007	HONDA	ELEMENT 4WD	2,4	4	21	24	22
2007	HONDA	PILOT 4WD	3,5	6	17	22	19
2007	HUMMER	H3 4WD	3,7	5	15	19	17
2007	HUMMER	H3 4WD	3,7	5	15	20	17
2007	HYUNDAI	SANTAFE 4WD	2,7	6	19	25	21
2007	HYUNDAI	SANTAFE 4WD	2,7	6	20	25	22
2007	HYUNDAI	SANTAFE 4WD	3,3	6	19	26	21
2007	HYUNDAI	TUCSON 4WD	2	4	22	26	23
2007	HYUNDAI	TUCSON 4WD	2,7	6	19	24	21
2007	HYUNDAI	VERACRUZ 4WD	3,8	6	17	24	19
2007	INFINITI	FX35 AWD	3,5	6	16	21	18
2007	INFINITI	FX45 AWD	4,5	8	14	18	16
2007	INFINITI	QX56 4WD	5,6	8	13	18	15
2007	ISUZU	ASCENDER 5-PASSENGER 4WD	4,2	6	15	21	18
2007	ISUZU	ASCENDER 7-PASSENGER 4WD	5,3	8	16	20	17
2007	JEEP	COMMANDER 4WD	3,7	6	16	19	17
2007	JEEP	COMMANDER 4WD	4,7	8	10	13	11
2007	JEEP	COMMANDER 4WD	4,7	8	15	19	17
2007	JEEP	COMMANDER 4WD	5,7	8	14	18	16
2007	JEEP	COMPASS 4WD	2,4	4	23	26	25
2007	JEEP	COMPASS 4WD	2,4	4	25	29	27
2007	JEEP	GRAND CHEROKEE 4WD	3	6	20	24	21
2007	JEEP	GRAND CHEROKEE 4WD	3,7	6	17	21	18
2007	JEEP	GRAND CHEROKEE 4WD	4,7	8	10	13	11
2007	JEEP	GRAND CHEROKEE 4WD	4,7	8	15	20	17
2007	JEEP	GRAND CHEROKEE 4WD	5,7	8	14	19	16
2007	JEEP	GRAND CHEROKEE 4WD	6,1	8	12	15	13
2007	JEEP	LIBERTY/CHEROKEE 4WD	3,7	6	17	22	19
2007	JEEP	LIBERTY/CHEROKEE 4WD	3,7	6	18	22	19
2007	JEEP	PATRIOT 4WD	2,4	4	23	26	25
2007	JEEP	PATRIOT 4WD	2,4	4	21	23	22
2007	JEEP	PATRIOT 4WD	2,4	4	25	29	27
2007	JEEP	WRANGLER 4WD	3,8	6	16	19	17
2007	JEEP	WRANGLER 4WD	3,8	6	17	19	18
2007	KIA	SORENTO 4WD	3,3	6	17	23	19
2007	KIA	SORENTO 4WD	3,8	6	17	22	19
2007	KIA	SPORTAGE 4WD	2	4	22	26	23
2007	KIA	SPORTAGE 4WD	2,7	6	19	23	21
2007	LAND ROVER	LR3	4	8	14	19	16
2007	LAND ROVER	LR3	4,4	8	14	19	16
2007	LAND ROVER	RANGE ROVER	4,2	8	13	19	15
2007	LAND ROVER	RANGE ROVER	4,4	8	14	19	16
2007	LAND ROVER	RANGE ROVER SPORT	4,2	8	13	19	15
2007	LAND ROVER	RANGE ROVER SPORT	4,4	8	14	20	16
2007	LEXUS	GX 470	4,7	8	15	19	17
2007	LEXUS	LX 470	4,7	8	13	17	15
2007	LEXUS	RX 350 4WD	3,5	6	19	24	21
2007	LEXUS	RX 350 4WD	3,5	6	19	24	21
2007	LEXUS	RX 400H 4WD	3,3	6	31	27	29
2007	LINCOLN	MKX AWD	3,5	6	17	24	20
2007	MAZDA	CX-7 4WD	2,3	4	18	24	20
2007	MAZDA	CX-9 4WD	3,5	6	16	22	18
2007	MERCEDES-BENZ	G500	5	8	13	16	14
2007	MERCEDES-BENZ	G55 AMG	5,4	8	12	14	13
2007	MERCEDES-BENZ	GL320 CDI 4MATIC	3	6	20	25	22
2007	MERCEDES-BENZ	GL450 4MATIC	4,6	8	15	19	16
2007	MERCEDES-BENZ	ML320 CDI 4MATIC	3	6	21	27	23
2007	MERCEDES-BENZ	ML350 4MATIC	3,5	6	17	21	19
2007	MERCEDES-BENZ	ML500 4MATIC	5	8	14	19	16
2007	MERCEDES-BENZ	ML63 AMG	6,2	8	12	16	13
2007	MERCEDES-BENZ	R320 CDI 4MATIC	3	6	21	28	24
2007	MERCEDES-BENZ	R350 4MATIC	3,5	6	16	21	18
2007	MERCEDES-BENZ	R500 4MATIC	5	8	14	19	16
2007	MERCEDES-BENZ	R63 AMG	6,2	8	12	16	13
2007	MERCURY	MARINER 4WD	2,3	4	21	24	22
2007	MERCURY	MARINER 4WD	3	6	19	23	21
2007	MERCURY	MARINER HYBRID 4WD	2,3	4	32	29	31
2007	MERCURY	MOUNTAINEER 4WD	4	6	15	20	17
2007	MERCURY	MOUNTAINEER 4WD	4,6	8	14	20	16
2007	MITSUBISHI	ENDEAVOR 4WD	3,8	6	17	21	19
2007	MITSUBISHI	OUTLANDER 4WD	3	6	19	26	22
2007	NISSAN	ARMADA 4WD	5,6	8	13	18	15
2007	NISSAN	ARMADA 4WD	5,6	8	10	13	11
2007	NISSAN	ARMADA 4WD	5,6	8	13	18	15
2007	NISSAN	MURANO AWD	3,5	6	20	24	21
2007	NISSAN	PATHFINDER 4WD	4	6	16	21	18
2007	NISSAN	XTERRA 4WD	4	6	16	21	18
2007	NISSAN	XTERRA 4WD	4	6	17	21	19
2007	PONTIAC	TORRENT AWD	3,4	6	19	25	21
2007	PORSCHE	CAYENNE	3,6	6	16	22	18
2007	PORSCHE	CAYENNE	3,6	6	15	22	18
2007	PORSCHE	CAYENNE S	4,8	8	14	21	17
2007	PORSCHE	CAYENNE TURBO	4,8	8	13	20	16
2007	SAAB	9-7X AWD	4,2	6	15	21	18
2007	SAAB	9-7X AWD	5,3	8	15	21	17
2007	SATURN	OUTLOOK AWD	3,6	6	17	24	20
2007	SATURN	VUE AWD	3,5	6	19	25	21
2007	SUBARU	B9 TRIBECA AWD	3	6	18	23	20
2007	SUBARU	FORESTER AWD	2,5	4	21	26	23
2007	SUBARU	FORESTER AWD	2,5	4	23	28	25
2007	SUBARU	FORESTER AWD	2,5	4	20	27	23
2007	SUBARU	FORESTER AWD	2,5	4	22	29	25
2007	SUBARU	OUTBACK AWD	2,5	4	22	28	25
2007	SUBARU	OUTBACK AWD	3	6	19	26	22
2007	SUBARU	OUTBACK WAGON AWD	2,5	4	21	27	23
2007	SUBARU	OUTBACK WAGON AWD	2,5	4	23	28	25
2007	SUBARU	OUTBACK WAGON AWD	2,5	4	22	28	25
2007	SUBARU	OUTBACK WAGON AWD	2,5	4	20	26	22
2007	SUBARU	OUTBACK WAGON AWD	3	6	19	26	22
2007	SUZUKI	GRAND VITARA 4WD	2,7	6	19	23	21
2007	SUZUKI	GRAND VITARA 4WD	2,7	6	18	23	20
2007	SUZUKI	XL7 AWD	3,6	6	17	23	19
2007	TOYOTA	4RUNNER 4WD	4	6	17	21	19
2007	TOYOTA	4RUNNER 4WD	4,7	8	16	19	17
2007	TOYOTA	FJ CRUISER 4WD	4	6	17	21	19
2007	TOYOTA	FJ CRUISER 4WD	4	6	16	19	17
2007	TOYOTA	HIGHLANDER 4WD	2,4	4	20	25	22
2007	TOYOTA	HIGHLANDER 4WD	3,3	6	18	24	21
2007	TOYOTA	HIGHLANDER HYBRID 4WD	3,3	6	31	27	29
2007	TOYOTA	LAND CRUISER WAGON 4WD	4,7	8	13	17	15
2007	TOYOTA	RAV4 4WD	2,4	4	23	27	25
2007	TOYOTA	RAV4 4WD	3,5	6	21	28	24
2007	TOYOTA	SEQUOIA 4WD	4,7	8	15	18	16
2007	VOLKSWAGEN	TOUAREG	3,6	6	16	20	17
2007	VOLKSWAGEN	TOUAREG	4,2	8	14	19	16
2007	VOLKSWAGEN	TOUAREG	5	10	17	22	19
2007	VOLVO	XC 70 AWD	2,5	5	18	25	21
2007	VOLVO	XC 90 AWD	2,5	5	17	22	19
2007	VOLVO	XC 90 AWD	3,2	6	16	22	18
2007	VOLVO	XC 90 AWD	4,4	8	15	20	17

